#GaiaDR3-ULENS-,t_0,err_t_0_pl,err_t_0_mn,u_0,err_u_0_pl,err_u_0_mn,t_E,err_t_E_pl,err_t_E_mn,pi_EN,err_pi_EN_pl,err_pi_EN_mn,pi_EE,err_pi_EE_pl,err_pi_EE_mn,I_G0,err_I_G0_pl,err_I_G0_mn,fb_G,err_fb_G_pl,err_fb_G_mn,I_BP0,err_I_BP0_pl,err_I_BP0_mn,f_bBP,err_f_bBP_pl,err_f_bBP_mn,I_RP0,err_I_RP0_pl,err_I_RP0_mn,f_bRP,err_f_bRP_pl,err_f_bRP_mn,I_GSA,err_I_GSA_pl,err_I_GSA_mn,f_bGSA,err_f_bGSA_pl,err_f_bGSA_mn,I_V0,err_I_V0_pl,err_I_V0_mn,f_bV,err_f_bV_pl,err_f_bV_mn,I_I0,err_I_I0_pl,err_I_I0_mn,f_bI,err_f_bI_pl,err_f_bI_mn,I_MOA,err_I_MOA_pl,err_I_MOA_mn,f_bMOA,err_f_bMOA_pl,err_f_bMOA_mn,I_KMTA,err_I_KMTA_pl,err_I_KMTA_mn,f_bKMTA,err_f_bKMTA_pl,err_f_bKMTA_mn,I_KMTC,err_I_KMTC_pl,err_I_KMTC_mn,f_bKMTC,err_f_bKMTC_pl,err_f_bKMTC_mn,I_KMTS,err_I_KMTS_pl,err_I_KMTS_mn,f_bKMTS,err_f_bKMTS_pl,err_f_bKMTS_mn,chi2  
003-G0,2457297.845,0.111,-0.1078,0.0473,0.0049,-0.0042,64.8955,4.5979,-4.4805,--,--,--,--,--,--,14.1604,0.0012,-0.0012,0.254,0.0677,-0.0803,14.9664,0.0014,-0.0014,0.2669,0.0668,-0.0789,13.283,0.0014,-0.0014,0.2439,0.0689,-0.0813,--,--,--,--,--,--,14.4383,0.0018,-0.0019,0.3599,0.066,-0.0803,--,--,--,--,--,--,--,--,--,--,--,--,--,--,--,--,--,--,--,--,--,--,--,--,--,--,--,--,--,--,262.7
003-G+1,7298.5285,-0.3025,-0.2863,0.0433,-0.0076,-0.0114,62.1779,-11.098,-5.9293,-0.4593,-0.2952,-0.2419,0.1674,-0.0674,-0.0554,14.1586,-0.0015,-0.0011,0.2092,-0.1628,-0.1272,14.9646,-0.0016,-0.0014,0.2236,-0.1601,-0.1248,13.2812,-0.0016,-0.0013,0.1992,-0.1651,-0.1287,--,--,--,--,--,--,14.4381,-0.0018,-0.0017,0.3377,-0.1392,-0.111,--,--,--,--,--,--,--,--,--,--,--,--,--,--,--,--,--,--,--,--,--,--,--,--,--,--,--,--,--,--,388.3
003-G+2,7298.543,-0.3049,-0.2936,0.0504,-0.0059,-0.0075,63.6086,-12.5003,-6.6464,0.4384,-0.2375,-0.2769,0.0851,-0.0656,-0.0613,14.1584,-0.0014,-0.0011,0.2117,-0.1606,-0.1328,14.9644,-0.0015,-0.0013,0.2263,-0.1577,-0.1304,13.281,-0.0015,-0.0013,0.202,-0.1627,-0.1344,--,--,--,--,--,--,14.4379,-0.0018,-0.0016,0.3395,-0.1397,-0.1168,--,--,--,--,--,--,--,--,--,--,--,--,--,--,--,--,--,--,--,--,--,--,--,--,--,--,--,--,--,--,294.2
003-G-1,7298.614,-0.3194,-0.2974,-0.0518,-0.0077,-0.0058,63.0357,-12.9803,-6.1373,-0.4905,-0.3035,-0.2349,0.1715,-0.0668,-0.0557,14.1588,-0.0016,-0.0011,0.1983,-0.169,-0.1248,14.9647,-0.0017,-0.0014,0.2132,-0.1655,-0.1226,13.2813,-0.0017,-0.0013,0.1885,-0.1707,-0.1264,--,--,--,--,--,--,14.4382,-0.0019,-0.0016,0.326,-0.146,-0.1104,--,--,--,--,--,--,--,--,--,--,--,--,--,--,--,--,--,--,--,--,--,--,--,--,--,--,--,--,--,--,322.9
003-G-2,7298.4774,-0.2873,-0.29,-0.0434,-0.0141,-0.0085,62.9643,-14.7216,-6.6775,0.4246,-0.2581,-0.2861,0.0824,-0.069,-0.0654,14.1584,-0.0014,-0.0011,0.2227,-0.1961,-0.1409,14.9643,-0.0016,-0.0013,0.2368,-0.1929,-0.1384,13.2809,-0.0016,-0.0013,0.2128,-0.199,-0.1426,--,--,--,--,--,--,14.4378,-0.0018,-0.0017,0.3515,-0.1683,-0.1251,--,--,--,--,--,--,--,--,--,--,--,--,--,--,--,--,--,--,--,--,--,--,--,--,--,--,--,--,--,--,353.9
018-G0,7721.3548,0.2256,0.2197,0.6639,0.0813,-0.0692,95.6258,5.5716,5.6984,--,--,--,--,--,--,15.9946,0.0003,0.0003,0.4833,0.0823,0.1103,--,--,--,--,--,--,--,--,--,--,--,--,--,--,--,--,--,--,14.9557,0.0004,0.0004,0.4576,0.0811,0.1085,--,--,--,--,--,--,--,--,--,--,--,--,--,--,--,--,--,--,--,--,--,--,--,--,--,--,--,--,--,--,652.3
018-G+,7712.0476,1.6548,-1.6791,0.1531,0.0826,-0.0436,371.6563,143.35,-128.0915,-0.0508,0.0269,-0.0142,-0.0957,0.0174,-0.0111,15.9978,0.0018,-0.0016,0.9397,0.0193,-0.0429,--,--,--,--,--,--,--,--,--,--,--,--,--,14.9579,0.0019,-0.0016,0.9387,0.02,-0.0452,--,--,--,--,--,--,--,--,--,--,--,--,--,--,--,--,--,--,--,--,--,--,--,--,--,--,--,--,--,--,--,--,--,--,--,550.9
018-G-,7716.084,1.8799,-2.6191,-0.1364,0.0129,-0.0127,348.4929,47.223,-41.6583,0.1392,0.0281,-0.0304,-0.0492,0.0195,-0.0231,15.9975,0.0009,-0.0009,0.9441,0.0068,-0.0064,--,--,--,--,--,--,--,--,--,--,--,--,--,14.9577,0.0008,-0.0008,0.9424,0.0074,-0.0069,--,--,--,--,--,--,--,--,--,--,--,--,--,--,--,--,--,--,--,--,--,--,--,--,--,--,--,--,--,--,--,--,--,--,--,546.4
023-G0,7726.4645,0.0794,-0.0806,0.0078,0.0003,-0.0003,489.2499,16.0638,-15.2643,--,--,--,--,--,--,16.051,0.0023,-0.0022,0.8567,0.0048,-0.0048,16.5702,0.0029,-0.0029,0.8556,0.0049,-0.005,15.3556,0.0027,-0.0027,0.8543,0.0049,-0.005,--,--,--,--,--,--,15.7924,0.0021,-0.0021,0.9139,0.0028,-0.0029,15.3,0.0018,-0.0017,0.8145,0.0064,-0.0066,--,--,--,--,--,--,--,--,--,--,--,--,--,--,--,--,--,--,--,--,--,--,--,--,2350.4
023-G+,7725.9846,0.0869,-0.0868,0.0328,0.0018,-0.0017,134.6583,5.836,-5.6148,-0.0474,0.0049,-0.005,0.1565,0.0082,-0.0077,15.9994,0.0022,-0.0022,0.4021,0.031,-0.0329,16.5167,0.0027,-0.0027,0.4077,0.0307,-0.0327,15.303,0.0025,-0.0025,0.4018,0.031,-0.033,--,--,--,--,--,--,15.2659,0.0008,-0.0007,0.3793,0.036,-0.0387,15.2659,0.0008,-0.0007,0.3793,0.036,-0.0387,--,--,--,--,--,--,--,--,--,--,--,--,--,--,--,--,--,--,--,--,--,--,--,--,550.9
023-G-,7725.9654,0.0814,-0.0822,-0.0317,0.0017,-0.0017,131.7621,5.8902,-5.4916,-0.0547,0.0053,-0.0055,0.1638,0.0084,-0.0082,16.0006,0.0023,-0.0022,0.3946,0.0319,-0.0332,16.5184,0.0028,-0.0027,0.3993,0.0318,-0.033,15.3046,0.0025,-0.0024,0.3933,0.0321,-0.0333,--,--,--,--,--,--,15.3046,0.0025,-0.0024,0.3933,0.0321,-0.0333,15.2658,0.0008,-0.0007,0.374,0.0368,-0.039,--,--,--,--,--,--,--,--,--,--,,,--,--,--,--,--,--,--,--,--,--,--,--,546.4
025-G0,7491.5433,0.3314,-0.3177,0.1986,0.0009,-0.0014,108.8617,2.0996,-2.0711,--,--,--,--,--,--,16.128,0.0027,-0.0027,0.0049,0.008,-0.0037,--,--,--,--,--,--,14.8884,0.0028,-0.0028,0.0159,0.0079,-0.0036,--,--,--,--,--,--,--,--,--,--,--,--,--,--,--,--,--,--,--,--,--,--,--,--,--,--,--,--,--,--,--,--,--,--,--,--,--,--,--,--,--,--,519.8
025-G+,2457487.2299,0.8651,-1.4259,0.1166,0.0149,-0.0132,176.6795,16.9965,-14.869,0.5962,0.1318,-0.1013,0.3083,0.1113,-0.0667,16.1193,0.0046,-0.0044,0.4473,0.0671,-0.0783,--,--,--,--,--,--,14.88,0.0046,-0.0044,0.4528,0.0665,-0.0774,--,--,--,--,--,--,14.8035,0.0021,-0.0021,0.3717,0.0809,-0.099,--,--,--,--,--,--,--,--,--,--,--,--,--,--,--,--,--,--,--,--,--,--,--,--,--,--,--,--,--,--,172.1
025-G-,2457488.746,0.4251,-0.4185,-0.1888,0.0108,-0.0065,112.453,5.6735,-4.1936,-0.6732,0.1146,-0.1103,0.164,0.042,-0.0447,16.122,0.0031,-0.0026,0.0533,0.0612,-0.0373,--,--,--,--,--,--,14.8828,0.0032,-0.0027,0.0627,0.0606,-0.0369,--,--,--,--,--,--,14.8035,0.0012,-0.0011,-0.0243,0.1118,-0.122,--,--,--,--,--,--,--,--,--,--,--,--,--,--,--,--,--,--,,--,--,--,--,--,--,--,--,--,--,--,173.6
032-G0,2457022.9475,0.1028,-0.1067,0.0001,0.0136,-0.0134,52.9319,4.2696,-3.512,--,--,--,--,--,--,16.3326,0.0004,-0.0003,0.2394,0.1153,-0.1228,16.8029,0.0005,-0.0004,0.2531,0.1112,-0.1179,15.6787,0.0004,-0.0004,0.2953,0.1073,-0.1141,--,--,--,--,--,--,16.556,0.0023,-0.002,0.2099,0.0733,-0.0719,--,--,--,--,--,--,--,--,--,--,--,--,--,--,--,--,--,--,--,--,--,--,--,--,--,--,--,--,--,--,1333.3
032-G+,2457022.9801,0.1538,-0.1637,-0.0031,0.0153,-0.0157,49.3535,3.3219,-2.691,1.0254,0.1869,-0.2648,-0.7937,0.4003,-0.3267,16.3327,0.0004,-0.0003,0.1678,0.1254,-0.1088,16.8029,0.0004,-0.0004,0.163,0.124,-0.1072,15.6783,0.0005,-0.0005,0.2244,0.1179,-0.1024,--,--,--,--,--,--,16.5585,0.0025,-0.0019,0.1343,0.0675,-0.0597,--,--,--,--,--,--,--,--,--,--,--,--,--,--,--,--,--,--,--,--,--,--,--,--,--,--,--,--,--,--,1322.5
032-G-,7021.7799,0.2913,-0.3006,0.0025,0.0022,-0.0014,524.0365,572.3517,-226.9882,-0.7567,0.3677,-0.4407,-0.0033,0.0739,-0.0323,16.3319,0.0014,-0.0009,0.9297,0.0399,-0.0706,16.8022,0.0018,-0.0012,0.9279,0.0405,-0.0702,15.6772,0.0017,-0.0011,0.9325,0.0384,-0.0672,--,--,--,--,--,--,16.5559,0.0025,-0.0023,0.9402,0.0317,-0.0487,--,--,--,--,--,--,--,--,--,--,--,--,--,--,--,--,--,--,--,--,--,--,--,--,--,--,--,--,--,--,1347.9
035-G0,7090.1885,0.0044,-0.0043,0.0838,0.0002,-0.0002,58.912,0.101,-0.1012,--,--,--,--,--,--,16.458,0.0001,-0.0001,0.0637,0.0021,-0.0021,--,--,--,--,--,--,15.5146,0.0001,-0.0001,0.1301,0.0019,-0.0019,--,--,--,--,--,--,--,--,--,--,--,--,15.4512,0.0001,-0.0001,0.0583,0.0025,-0.0025,15.4422,0.0053,-0.005,-278.1238,0.7871,-0.8264,--,--,--,--,--,--,--,--,--,--,--,--,--,--,--,--,--,--,1246.1
035-G+,7090.1796,0.0068,-0.007,0.0846,0.0007,-0.0007,58.3559,0.4001,-0.4014,0.0193,0.0236,-0.0246,0.0085,0.0057,-0.0054,16.4579,0.0001,-0.0001,0.0536,0.0078,-0.008,--,--,--,--,--,--,15.5144,0.0001,-0.0001,0.1211,0.007,-0.0071,--,--,--,--,--,--,--,--,--,--,--,--,15.4511,0.0001,-0.0001,0.0478,0.0085,-0.0087,15.4511,0.0001,-0.0001,0.0478,0.0085,-0.0087,--,--,--,--,--,--,--,--,--,--,--,--,--,--,--,--,--,--,1243.4
035-G-,2457090.1801,0.0066,-0.0066,-0.0846,0.0007,-0.0007,58.4482,0.421,-0.4224,0.0241,0.0272,-0.0314,0.0089,0.0056,-0.0055,16.4579,0.0001,-0.0001,0.0543,0.008,-0.0082,--,--,--,--,--,--,15.5144,0.0001,-0.0001,0.1219,0.0072,-0.0074,--,--,--,--,--,--,--,--,--,--,--,--,15.4511,0.0001,-0.0001,0.0476,0.0085,-0.0088,15.4405,0.0062,-0.006,0,0,0,--,--,--,--,--,--,--,--,--,--,--,--,--,--,--,--,--,--,1243.4
047-G0,7265.8375,0.0015,-0.0014,0.0923,0.0001,-0.0001,85.9495,0.0375,-0.0371,--,--,--,--,--,--,16.6276,0.0001,-0.0001,0.0002,0.0003,-0.0001,--,--,--,--,--,--,15.2199,0.0001,-0.0001,-0.0116,0.0003,-0.0002,--,--,--,--,--,--,--,--,--,--,--,--,--,--,--,--,--,--,--,--,--,--,--,--,16.4059,0.0014,-0.0014,0,0,0,15.8749,0.0004,-0.0004,0,0,0,16.7676,0.0007,-0.0007,0,0,0,5698.1
047-G+,7265.8831,0.0044,-0.0045,0.0936,0.0001,-0.0002,87.2276,0.1888,-0.122,-0.0211,0.001,-0.0009,0.2093,0.0103,-0.0108,16.6282,0.0001,-0.0001,0.0016,0.0026,-0.0012,--,--,--,--,--,--,15.2198,0.0001,-0.0001,-0.0083,0.0027,-0.0013,--,--,--,--,--,--,--,--,--,--,--,--,--,--,--,--,--,--,16.4027,0.0026,-0.0023,0,0,0,16.1827,0.0033,-0.0031,0,0,0,nan,nan,-nan,0,0,0,nan,nan,-nan,0,0,0,722797.7
047-G-,2457265.7177,0.0041,-0.004,-0.0905,0.0001,-0.0001,85.5167,0.0615,-0.0457,-0.0174,0.0007,-0.0007,0.2747,0.0103,-0.0111,16.6292,0.0001,-0.0001,0.0006,0.001,-0.0004,--,--,--,--,--,--,15.2219,0.0001,-0.0001,-0.0167,0.001,-0.0005,--,--,--,--,--,--,--,--,--,--,--,--,--,--,--,--,--,--,16.3978,0.0026,-0.0027,0,0,0,16.3978,0.0026,-0.0027,0,0,0,15.8806,0.0008,-0.0008,0,0,0,nan,nan,-nan,0,0,0,1381574.6
057-G0,7443.9234,7.0168,-4.9892,0.0964,0.0581,-0.0413,82.9448,43.5246,-17.6306,--,--,--,--,--,--,16.7978,0.0053,-0.0045,0.519,0.2677,-0.3329,--,--,--,--,--,--,15.9046,0.0048,-0.0037,0.5408,0.2555,-0.3174,--,--,--,--,--,--,--,--,--,--,--,--,--,--,--,--,--,--,--,--,--,--,--,--,--,--,--,--,--,--,--,--,--,--,--,--,--,--,--,--,--,--,12
069-G0,7328.3373,0.0442,-0.0428,0.1287,0.0005,-0.0005,106.6919,0.2097,-0.2051,--,--,--,--,--,--,17.0713,0.0001,-0.0001,0.2218,0.004,-0.0039,--,--,--,--,--,--,15.8609,0.0001,-0.0001,0.3048,0.0036,-0.0035,--,--,--,--,--,--,--,--,--,--,--,--,--,--,--,--,--,--,14.8348,0.0012,-0.0012,0,0,0,15.7992,0.0001,-0.0001,0,0,0,15.7788,0.0001,-0.0001,0,0,0,15.7739,0.0001,-0.0001,14.8348,0.0012,-0.0012,85286.9
069-G+,7329.9674,0.0526,-0.0584,0.153,0.0006,-0.0009,94.6641,0.3612,-0.199,0.0344,0.0035,-0.0037,0.0292,0.001,-0.0012,17.0715,0.0001,-0.0001,0.0054,0.008,-0.004,--,--,--,--,--,--,15.8613,0.0001,-0.0001,0.1107,0.0072,-0.0036,--,--,--,--,--,--,--,--,--,--,--,--,--,--,--,--,--,--,15.7997,0.0001,-0.0001,0,0,0,15.7997,0.0001,-0.0001,0,0,0,15.7792,0.0001,-0.0001,0,0,0,15.7744,0.0001,0.0001,0,0,0,84875
069-G-,7329.5177,0.0898,-0.09,-0.1351,0.0013,-0.0013,103.4714,0.7396,-0.7532,-0.0716,0.0074,-0.0069,0.0154,0.001,-0.001,17.0712,0.0001,-0.0001,0.1451,0.011,-0.0113,-,--,--,--,--,--,15.8611,0.0001,-0.0001,0.2358,0.0099,-0.0101,--,--,--,--,--,--,--,--,--,--,--,--,--,--,--,--,--,--,15.7996,0.0001,-0.0001,0,0,0,15.7996,0.0001,-0.0001,0,0,0,15.7792,0.0001,-0.0001,0,0,0,15.7742,0.0001,-0.0001,0,0,0,84872.9
073-G0,7406.8733,0.12,-0.1197,0.3351,0.0026,-0.0038,113.3625,0.5174,-0.3134,--,--,--,--,--,--,17.1363,0.0002,-0.0002,0.0083,0.0108,-0.0059,--,--,--,--,--,--,16.0485,0.0002,-0.0002,0.2182,0.0086,-0.0048,--,--,--,--,--,--,--,--,--,--,--,--,16.0228,0.0001,-0.0001,0.0429,0.0108,-0.0066,14.2644,0.0014,-0.0014,0,0,0,--,--,--,--,--,--,--,--,--,--,--,--,--,--,--,--,--,--,16428
073-G+,7407.3733,0.5302,-0.524,0.1195,0.0052,-0.0047,240.1822,6.8928,-7.0205,-0.0471,0.004,-0.0038,0.1269,0.0067,-0.0072,17.1404,0.0003,-0.0003,0.7085,0.0113,-0.0126,--,--,--,--,--,--,16.052,0.0003,-0.0003,0.7692,0.009,-0.01,--,--,--,--,--,--,--,--,--,--,--,--,16.0234,0.0001,-0.0001,0.7206,0.0109,-0.0122,14.2773,0.0021,-0.0022,0,0,0,--,--,--,--,--,--,--,--,--,--,--,--,--,--,--,--,--,--,16655.2
078-G0,6957.4655,2.0356,-1.7125,0.5242,0.2969,-0.1748,33.5286,10.0741,-7.8792,0.5038,0.2731,-0.2884,0.5453,0.3266,-0.371,17.1935,0.0001,-0.0001,0.6088,0.1779,-0.471,17.556,0.0001,-0.0001,0.6047,0.1797,-0.4761,15.9399,0.0001,-0.0001,0.8007,0.0907,-0.2401,--,--,--,--,--,--,--,--,--,--,--,--,16.2064,0.0001,-0.0001,0.6121,0.1763,-0.4655,--,--,--,--,--,--,--,--,--,--,--,--,--,--,--,--,--,--,--,--,--,--,--,--,7625.9
078-G+,6957.4655,2.0356,-1.7125,0.5242,0.2969,-0.1748,33.5286,10.0741,-7.8792,0.5038,0.2731,-0.2884,0.5453,0.3266,-0.371,17.1935,0.0001,-0.0001,0.6088,0.1779,-0.471,17.556,0.0001,-0.0001,0.6047,0.1797,-0.4761,15.9399,0.0001,-0.0001,0.8007,0.0907,-0.2401,--,--,--,--,--,--,--,--,--,--,--,--,16.2064,0.0001,-0.0001,0.6121,0.1763,-0.4655,--,--,--,--,--,--,--,--,--,--,--,--,--,--,--,--,--,--,--,--,--,--,--,--,1228.8
078-G-,6957.5709,2.9768,-1.8726,-0.5523,0.2329,-0.3954,31.6537,13.9925,-7.9868,0.5192,0.3136,-0.3342,-0.4993,0.3177,-0.2986,17.1935,0.0001,-0.0001,0.5735,0.2363,-0.7498,17.556,0.0001,-0.0001,0.569,0.2388,-0.7576,15.9399,0.0001,-0.0001,0.7831,0.1202,-0.3818,--,--,--,--,--,--,--,--,--,--,--,--,16.2063,0.0001,-0.0001,0.578,0.2342,-0.7344,--,--,--,--,--,--,--,--,--,--,--,--,--,--,--,--,--,--,--,--,--,--,--,--,1268.8
079-G0,7301.4554,0.0161,-0.0158,0.2479,0.001,-0.001,105.1917,0.3045,-0.3038,--,--,--,--,--,--,17.2297,0.0001,-0.0001,0.4969,0.0024,-0.0024,--,--,--,--,--,--,16.4061,0.0001,-0.0001,0.4749,0.0025,-0.0025,--,--,--,--,--,--,--,--,--,--,--,--,16.3389,0.0001,-0.0001,0.4335,0.0028,-0.0028,14.566,0.0015,-0.0015,0,0,0,16.6864,0.0007,-0.0007,0.0195,0.0042,-0.0042,16.5908,0.0005,-0.0005,-0.0077,0.0044,-0.0044,17.8001,0.0006,-0.0006,-0.2525,0.0054,-0.0053,112941.8
079-G+,7301.304,0.0163,-0.0162,0.1515,0.0016,-0.0017,167.1216,1.3258,-1.2994,-0.0381,0.0047,-0.0048,-0.0867,0.0006,-0.0006,17.2424,0.0002,-0.0002,0.7202,0.0035,-0.0035,--,--,--,--,--,--,16.4201,0.0002,-0.0002,0.7085,0.0037,-0.0036,--,--,--,--,--,--,--,--,--,--,--,--,16.3399,0.0001,-0.0001,0.6904,0.004,-0.0039,14.7662,0.0033,-0.0032,0,0,0,16.6907,0.0007,-0.0007,0.4581,0.0069,-0.0067,16.5996,0.0006,-0.0006,0.4394,0.0071,-0.0069,17.8117,0.0007,-0.0007,0.301,0.0088,-0.0086,106429.7
079-G-,7301.3327,0.0166,-0.0166,-0.1606,0.0009,-0.0009,160.4149,0.8614,-0.8426,0.0164,0.005,-0.0049,-0.0884,0.0007,-0.0007,17.2423,0.0002,-0.0002,0.7004,0.0019,-0.0018,--,--,--,--,--,--,16.42,0.0002,-0.0002,0.6879,0.0019,-0.0019,--,--,--,--,--,--,--,--,--,--,--,--,16.3399,0.0001,-0.0001,0.6685,0.0022,-0.0021,14.7662,0.0032,-0.0032,0,0,0,16.6913,0.0007,-0.0007,0.4194,0.0035,-0.0035,16.6005,0.0005,-0.0005,0.3992,0.0036,-0.0036,17.8127,0.0007,-0.0007,0.2508,0.0045,-0.0044,106538.9
088-G0,7668.7977,0.0528,-0.0537,0.538,0.0003,-0.0005,106.7649,0.0927,-0.0825,--,--,--,--,--,--,17.3518,0.0001,-0.0001,0.001,0.0015,-0.0007,--,--,--,--,--,--,--,--,--,--,--,--,--,--,--,--,--,--,--,--,--,--,--,--,16.2248,0.0001,-0.0001,-0.009,0.0017,-0.0012,15.4384,0.0009,-0.0009,0,0,0,16.1753,0.0002,-0.0002,0.2577,0.0012,-0.0008,16.1997,0.0003,-0.0003,-0.3726,0.0023,-0.0017,16.2313,0.0003,-0.0003,-0.3617,0.0023,-0.0016,79806.6
088-G+,7668.7444,0.0911,-0.0905,0.4726,0.0131,-0.0125,114.8467,1.7661,-1.7611,-0.0467,0.0059,-0.0058,-0.0176,0.0012,-0.0011,17.3536,0.0002,-0.0002,0.1849,0.0318,-0.034,--,--,--,--,--,--,--,--,--,--,--,--,--,--,--,--,--,--,--,--,--,--,--,--,16.2247,0.0001,-0.0001,0.1752,0.0326,-0.035,16.2247,0.0001,-0.0001,0,0,0,16.1725,0.0002,-0.0003,0.3978,0.0238,-0.0255,16.1947,0.0004,-0.0005,-0.1115,0.044,-0.0472,16.2261,0.0005,-0.0005,-0.1025,0.0436,-0.0467,79523.9
088-G-,7668.8179,0.0842,-0.0836,-0.5129,0.0068,-0.0069,105.4129,0.6204,-0.6174,0.079,0.0067,-0.0067,-0.0129,0.0007,-0.0007,17.3535,0.0002,-0.0002,0.0765,0.0183,-0.0188,--,--,--,--,--,--,--,--,--,--,--,--,--,--,--,--,--,--,--,--,--,--,--,--,16.2247,0.0001,-0.0001,0.065,0.0194,-0.0199,15.4312,0.0013,-0.0013,0,0,0,16.1728,0.0002,-0.0002,0.3169,0.014,-0.0143,16.1953,0.0004,-0.0005,-0.2614,0.0259,-0.0266,16.2266,0.0005,-0.0005,-0.251,0.0256,-0.0263,79435.5
089-G0,7645.8598,0.0102,-0.0102,0.3153,0.0001,-0.0001,70.6125,0.0418,-0.041,--,--,--,--,--,--,17.3732,0.0001,-0.0001,0.0001,0.0001,-0.0001,--,--,--,--,--,--,--,--,--,--,--,--,--,--,--,--,--,--,--,--,--,--,--,--,16.1583,0.0001,-0.0001,-0.0175,0.0003,-0.0003,--,--,--,--,--,--,16.5686,0.0004,-0.0003,0,0,0,16.6063,0.0005,-0.0005,0,0,0,16.5826,0.0005,-0.0005,0,0,0,11769.1
089-G+,7645.8598,0.0102,-0.0102,0.3153,0.0001,-0.0001,70.6125,0.0418,-0.041,17.3732,0.0001,-0.0001,0.0001,0.0001,-0.0001,--,--,--,--,--,--,--,--,--,--,--,--,--,--,--,--,--,--,--,--,--,--,--,--,--,--,--,--,--,--,16.1583,0.0001,-0.0001,-0.0175,0.0003,-0.0003,--,--,--,--,--,--,16.5686,0.0004,-0.0003,0,0,0,16.6063,0.0005,-0.0005,0,0,0,16.5826,0.0005,-0.0005,0,0,0,6587.5
089-G-1,7645.2077,0.0155,-0.0158,0.2546,0.01,-0.0103,77.4033,2.0852,-1.8452,-0.455,0.0311,-0.0286,-0.0866,0.0035,-0.0036,17.3751,0.0002,-0.0002,0.2407,0.0372,-0.0369,--,--,--,--,--,--,--,--,--,--,--,--,--,--,--,--,--,--,--,--,--,--,--,--,16.1573,0.0001,-0.0001,0.2329,0.0388,-0.0385,--,--,--,--,--,--,16.5322,0.0007,-0.0007,0,0,0,16.5611,0.0009,-0.0009,0,0,0,16.531,0.001,-0.001,0,0,0,6690.8
089-G-2,7645.3162,0.0234,-0.0243,-0.3154,0.0056,-0.003,77.0745,2.2495,-1.4998,-0.2535,0.0488,-0.0483,-0.1336,0.0025,-0.0026,17.3774,0.0002,-0.0002,0.0184,0.0246,-0.0137,--,--,--,--,--,--,--,--,--,--,--,--,--,--,--,--,--,--,--,--,--,--,--,--,16.1577,0.0001,-0.0001,-0.0117,0.0239,-0.013,--,--,--,--,--,--,16.5399,0.0007,-0.0006,0,0,0,16.5705,0.0009,-0.0008,0,0,0,16.5413,0.001,-0.0009,0,0,0,6620.7
097-G0,7782.7113,1.2704,-1.2189,0.2847,0.0415,-0.0357,111.509,8.5675,-8.0308,--,--,--,--,--,--,17.4306,0.0013,-0.0013,0.8402,0.0258,-0.0325,--,--,--,--,--,--,16.1195,0.0012,-0.0012,0.8537,0.0236,-0.0297,--,--,--,--,--,--,--,--,--,--,--,--,16.0791,0.0002,-0.0002,0.856,0.0218,-0.0269,--,--,--,--,--,--,--,--,--,--,--,--,--,--,--,--,--,--,--,--,--,--,--,--,643.8
097-G+,7769.7539,2.1143,-1.8806,0.6926,0.0947,-0.1459,54.4415,8.3234,-4.3866,0.2165,0.0538,-0.0538,0.2572,0.1045,-0.1007,17.4278,0.0014,-0.0015,0.2809,0.2408,-0.1923,--,--,--,--,--,--,16.1166,0.0013,-0.0014,0.3426,0.2201,-0.1757,--,--,--,--,--,--,--,--,--,--,--,--,16.079,0.0002,-0.0002,0.2644,0.2447,-0.1964,--,--,--,--,--,--,--,--,--,--,--,--,--,--,--,--,--,--,--,--,--,--,--,--,637
103-G0,7788.9668,0.3,-0.3023,0.0489,0.0084,-0.0093,65.4563,2.769,-2.5801,--,--,--,--,--,--,17.5571,0.0014,-0.0014,0.047,0.0733,-0.0766,18.6977,0.0019,-0.0019,0.0092,0.077,-0.0805,16.5254,0.0015,-0.0015,0.0348,0.0748,-0.0782,--,--,--,--,--,--,--,--,--,--,--,--,16.4105,0.0002,-0.0002,-0.0018,0.061,-0.0647,--,--,--,--,--,--,--,--,--,--,--,--,--,--,--,--,--,--,--,--,--,--,--,--,145.8
103-G+,7789.01,0.3018,-0.2929,0.0574,0.013,-0.0137,58.0311,6.7461,-5.5503,0.1311,0.1038,-0.0821,-0.0262,0.2882,-0.3168,17.5544,0.003,-0.0028,-0.1159,0.1678,-0.1746,18.6955,0.0033,-0.0029,-0.1601,0.1749,-0.1819,16.5231,0.003,-0.0027,-0.1302,0.1703,-0.1772,--,--,--,--,--,--,--,--,--,--,--,--,16.4106,0.0004,-0.0003,-0.1425,0.1512,-0.159,--,--,--,--,--,--,--,--,--,--,--,--,--,--,--,--,--,--,--,--,--,--,--,--,176.4
103-G-,7789.0059,0.2864,-0.2926,-0.0567,0.0132,-0.0126,57.9586,7.5142,-5.949,0.1337,0.1078,-0.0832,-0.016,0.3075,-0.3606,17.5543,0.0029,-0.0027,-0.1098,0.1645,-0.1709,18.6955,0.0032,-0.0028,-0.1537,0.1714,-0.1779,16.523,0.0029,-0.0026,-0.124,0.1669,-0.1732,--,--,--,--,--,--,--,--,--,--,--,--,16.4105,0.0004,-0.0003,-0.1375,0.151,-0.1608,--,--,--,--,--,--,--,--,--,--,--,--,--,--,--,--,--,--,--,--,--,--,--,--,177.5
118-G0,7668.8792,0.18,-0.1745,0.0408,0.0055,-0.0049,79.8866,3.2815,-3.1883,--,--,--,--,--,--,17.7272,0.0016,-0.0015,0.1997,0.0385,-0.0417,--,--,--,--,--,--,17.0147,0.0013,-0.0012,0.081,0.0508,-0.0561,--,--,--,--,--,--,17.3045,0.1631,-0.133,0,0,0,16.8981,0.0006,-0.0006,0.04,0.0611,,--,--,--,--,--,--,--,--,--,--,--,--,--,--,--,--,--,--,--,--,--,--,--,--,232
118-G+,7668.3006,0.1967,-0.1956,0.0416,0.0069,-0.0082,76.2002,14.9675,-7.1312,0.7473,0.0567,-0.0601,0.6073,0.1134,-0.1234,17.7231,0.0021,-0.0014,0.1568,0.1636,-0.1101,--,--,--,--,--,--,17.0044,0.0016,-0.0009,0.221,0.1565,-0.1075,--,--,--,--,--,--,17.4841,0.2026,-0.1659,0,0,0,16.8947,0.0005,-0.0005,0.2193,0.1557,-0.109,--,--,--,--,--,--,--,--,--,--,--,--,--,--,--,--,--,--,--,--,--,--,--,--,177.8
118-G-,7668.0816,0.2247,-0.2235,-0.0408,0.0086,-0.0081,84.3963,20.4465,-10.7812,0.7508,0.0527,-0.0603,0.6523,0.1312,-0.136,17.7237,0.0027,-0.0017,0.2106,0.1744,-0.1422,--,--,--,--,--,--,17.0054,0.002,-0.0012,0.2645,0.1688,-0.1396,--,--,--,--,--,--,17.5596,0.243,-0.1866,0,0,0,16.8948,0.0006,-0.0005,0.2601,0.1686,-0.1402,--,--,--,--,--,--,--,--,--,--,--,--,--,--,--,--,--,--,--,--,--,--,--,--,177.3
127-G0,7851.1692,0.0829,-0.0848,0.3277,0.0097,-0.0096,106.7125,2.3936,-2.3527,--,--,--,--,--,--,17.8779,0.0001,-0.0001,0.6939,0.0116,-0.012,--,--,--,--,--,--,--,--,--,--,--,--,--,--,--,--,--,--,--,--,--,--,--,--,16.7566,0.0001,-0.0001,0.7165,0.011,-0.0114,--,--,--,--,--,--,16.7552,0.0009,-0.0009,0.775,0.0081,-0.0084,16.8561,0.001,-0.001,0.7302,0.0098,-0.0101,16.7662,0.0013,-0.0013,0.6636,0.0121,-0.0124,10516.4
127-G+,7851.173,0.1331,-0.1354,0.3358,0.0211,-0.0232,106.9225,3.8071,-3.6139,-0.0339,0.0572,-0.0494,-0.002,0.0072,-0.0067,17.878,0.0003,-0.0003,0.684,0.0284,-0.0268,--,--,--,--,--,--,--,--,--,--,--,--,--,--,--,--,--,--,--,--,--,--,--,--,16.7567,0.0001,-0.0001,0.7072,0.0268,-0.0253,--,--,--,--,--,--,16.7555,0.001,-0.0009,0.7673,0.0213,-0.0199,16.8564,0.0011,-0.0011,0.7209,0.0255,-0.0239,16.7665,0.0014,-0.0014,0.6521,0.0318,-0.0298,10516.6
127-G-,7851.1952,0.1233,-0.1284,-0.326,0.0203,-0.0175,108.5698,3.6605,-3.5448,0.0182,0.0607,-0.0791,-0.0029,0.007,-0.0069,17.878,0.0003,-0.0003,0.6962,0.0243,-0.0217,--,--,--,--,--,--,--,--,--,--,--,--,--,--,--,--,--,--,--,--,--,--,--,--,16.7567,0.0001,-0.0001,0.7186,0.023,-0.0206,--,--,--,--,--,--,16.7554,0.0009,-0.0009,0.7765,0.0182,-0.0161,16.8564,0.0011,-0.0011,0.7319,0.0218,-0.0192,16.7664,0.0014,-0.0014,0.6658,0.0271,-0.0239,10517.2
142-G0,7289.9378,0.3796,-0.3665,0.5773,0.0025,-0.0049,112.6503,0.6718,-0.5704,--,--,--,--,--,--,18.0276,0.0004,-0.0004,0.0084,0.013,-0.0063,--,--,--,--,--,--,16.6471,0.0004,-0.0004,0.0173,0.0129,-0.0062,--,--,--,--,--,--,--,--,--,--,--,--,16.7396,0.0002,-0.0002,-0.0844,0.0147,-0.0089,--,--,--,--,--,--,--,--,--,--,--,--,--,--,--,--,--,--,--,--,--,--,--,--,1099.6
142-G+1,7285.2934,0.5523,-0.565,0.2636,0.025,-0.0209,181.2804,11.8317,-11.8907,-0.1884,0.013,-0.0112,-0.0502,0.0037,-0.0039,18.035,0.0015,-0.0015,0.6644,0.0335,-0.0419,--,--,--,--,--,--,16.6541,0.0014,-0.0014,0.668,0.0332,-0.0415,--,--,--,--,--,--,--,--,--,--,--,--,16.74,0.0004,-0.0004,0.6602,0.034,-0.0428,--,--,--,--,--,--,--,--,--,--,--,--,--,--,--,--,--,--,--,--,--,--,--,--,702
142-G+2,7281.3909,1.0589,-1.1303,0.5374,0.0151,-0.0289,124.243,3.4417,-3.2418,0.0246,0.0372,-0.0407,-0.0755,0.0038,-0.0038,18.0329,0.0019,-0.0017,0.0583,0.0821,-0.0433,--,--,--,--,--,--,16.6522,0.0018,-0.0016,0.068,0.0811,-0.0429,--,--,--,--,--,--,--,--,--,--,--,--,16.7394,0.0004,-0.0003,0.0563,0.0799,-0.0434,--,--,--,--,--,--,--,--,--,--,--,--,--,--,--,--,--,--,--,--,--,--,--,--,719.3
142-G-1,7280.7573,1.2401,-1.36,-0.5416,0.0238,-0.0109,126.6195,5.3782,-4.1332,-0.0446,0.0478,-0.0437,-0.0827,0.0067,-0.0062,18.0341,0.0025,-0.0021,0.0421,0.0684,-0.0317,--,--,--,--,--,--,16.6533,0.0023,-0.002,0.052,0.0675,-0.0313,--,--,--,--,--,--,--,--,--,--,--,--,16.7396,0.0004,-0.0004,0.0424,0.0672,-0.031,--,--,--,--,--,--,--,--,--,--,--,--,--,--,--,--,--,--,--,--,--,--,--,--,703.6
142-G-2,7285.3569,0.5311,-0.588,-0.2812,0.0227,-0.0287,169.2372,11.0974,-11.1103,0.2079,0.0122,-0.0159,-0.0319,0.0049,-0.0059,18.035,0.0017,-0.0015,0.6347,0.0379,-0.0501,--,--,--,--,--,--,16.6541,0.0016,-0.0014,0.6386,0.0376,-0.0497,--,--,--,--,--,--,--,--,--,--,--,--,16.7399,0.0004,-0.0004,0.6303,0.0384,-0.0507,--,--,--,--,--,--,--,--,--,--,--,--,--,--,--,--,--,--,--,--,--,--,--,--,716.2
143-G0,7048.6914,2.783,-2.4995,0.0716,0.0817,-0.0513,67.1465,2.5925,-2.4369,--,--,--,--,--,--,18.0298,0.0007,-0.0008,0.0618,0.0903,-0.0462,--,--,--,--,--,--,--,--,--,--,--,--,--,--,--,--,--,--,--,--,--,--,--,--,17.0599,0.0025,-0.0025,0.1909,0.0804,-0.0465,--,--,--,--,--,--,--,--,--,--,--,--,--,--,--,--,--,--,--,--,--,--,--,--,131
143-G+,7051.5322,12.3582,-9.1625,0.1714,0.1256,-0.101,111.9436,55.5332,-25.6399,0.2842,0.2698,-0.4074,-0.2107,0.1508,-0.0999,18.0315,0.0005,-0.0005,0.5132,0.2413,-0.3255,--,--,--,--,--,--,--,--,--,--,--,--,--,--,--,--,--,--,--,--,--,--,--,--,17.0595,0.0033,-0.003,0.5411,0.2305,-0.3144,--,--,--,--,--,--,--,--,--,--,--,--,--,--,--,--,--,--,--,--,--,--,--,--,107.7
143-G+2,7061.2965,8.369,-7.2172,0.22,0.1174,-0.1195,66.6507,12.5432,-6.6515,0.2762,0.1684,-0.2857,-0.3528,0.088,-0.1097,18.0314,0.0004,-0.0006,0.3516,0.2693,-0.2418,--,--,--,--,--,--,--,--,--,--,--,--,--,--,--,--,--,--,--,--,--,--,--,--,17.0598,0.003,-0.0029,0.3903,0.258,-0.2342,--,--,--,--,--,--,--,--,--,--,--,--,--,--,--,--,--,--,--,--,--,--,--,--,107.9
155-G0,7437.6028,0.0396,-0.0398,0.0982,0.0009,-0.0009,66.2335,0.3498,-0.3489,--,--,--,--,--,--,18.127,0.0001,-0.0001,0.2116,0.007,-0.007,--,--,--,--,--,--,17.1839,0.0001,-0.0001,0.1537,0.0073,-0.0074,--,--,--,--,--,--,--,--,--,--,--,--,17.006,0.0001,-0.0001,0.2281,0.0071,-0.0072,15.1005,0.0034,-0.0034,0,0,0,16.9173,0.0003,-0.0003,0.2266,0.0067,-0.0068,16.9363,0.0004,-0.0004,0.0248,0.0084,-0.0086,16.9393,0.0005,-0.0005,0.043,0.0082,-0.0083,13511.8
155-G+,7437.5691,0.046,-0.0459,0.1016,0.0031,-0.0029,63.1734,1.6772,-1.7337,0.1894,0.0388,-0.0412,0.0311,0.0215,-0.019,18.1258,0.0003,-0.0003,0.1774,0.0262,-0.0285,--,--,--,--,--,--,17.1826,0.0004,-0.0004,0.1172,0.028,-0.0306,--,--,--,--,--,--,--,--,--,--,--,--,17.0057,0.0001,-0.0001,0.1963,0.0254,-0.0278,15.0846,0.005,-0.005,0,0,0,16.9153,0.0007,-0.0006,0.1968,0.0254,-0.0278,16.934,0.0008,-0.0008,-0.0128,0.032,-0.035,16.9369,0.0009,-0.0009,0.0062,0.0315,-0.0345,13495.8
155-G-,7437.5888,0.0468,-0.0473,-0.1023,0.0029,-0.0032,64.1039,1.6203,-1.7058,0.2207,0.0425,-0.0456,0.0442,0.0254,-0.0219,18.1259,0.0003,-0.0004,0.1741,0.0265,-0.0297,--,--,--,--,--,--,17.1825,0.0004,-0.0004,0.1139,0.0283,-0.0318,--,--,--,--,--,--,--,--,--,--,--,--,17.0058,0.0001,-0.0001,0.1899,0.0262,-0.0293,15.0864,0.0048,-0.0048,0,0,0,16.9155,0.0006,-0.0006,0.1902,0.0261,-0.0293,16.9341,0.0008,-0.0007,-0.0212,0.0329,-0.0369,16.9371,0.0008,-0.0008,-0.002,0.0323,-0.0363,13496.5
196-G0,7356.1938,1.095,-1.1966,0.3179,0.1175,-0.1822,64.7145,5.1328,-3.9104,--,--,--,--,--,--,18.4826,0.002,-0.0018,0.2263,0.1684,-0.1585,--,--,--,--,--,--,17.0134,0.001,-0.0009,1.1226,0.024,-0.0257,--,--,--,--,--,--,--,--,--,--,--,--,16.9249,0.0002,-0.0002,0.221,0.1541,-0.1412,--,--,--,--,--,--,--,--,--,--,--,--,--,--,--,--,--,--,--,--,--,--,--,--,643.7
196-G+,7358.7375,5.2893,-9.3277,0.2,0.2302,-0.1326,114.6186,58.9557,-33.1028,-0.1229,0.2457,-0.1362,-0.3543,0.2502,-0.2413,18.4867,0.0022,-0.0022,0.649,0.1598,-0.317,--,--,--,--,--,--,17.0121,0.0016,-0.0012,1.0531,0.0447,-0.0235,--,--,--,--,--,--,--,--,--,--,--,--,16.9243,0.0002,-0.0002,0.7184,0.1287,-0.2528,--,--,--,--,--,--,--,--,--,--,--,--,--,--,--,--,--,--,--,--,--,--,--,--,691.5
196-G-,7351.4771,5.251,-8.8885,-0.404,0.1322,-0.1577,105.7957,55.5664,-30.2075,0.3197,0.3003,-0.3005,-0.1525,0.2936,-0.1522,18.4877,0.0019,-0.0021,0.5119,0.2206,-0.3161,--,--,--,--,--,--,17.0131,0.0014,-0.0011,1.0755,0.0478,-0.0339,--,--,--,--,--,--,--,--,--,--,--,--,16.9243,0.0003,-0.0002,0.6178,0.174,-0.2412,--,--,--,--,--,--,--,--,--,--,--,--,--,--,--,--,--,--,--,--,--,--,--,--,633.1
212-G0,7879.0079,0.0036,-0.0036,0.1585,0.0006,-0.0006,55.7725,0.1488,-0.1532,--,--,--,--,--,--,18.3768,0.0001,-0.0001,-0.0124,0.0039,-0.004,--,--,--,--,--,--,--,--,--,--,--,--,--,--,--,--,--,--,--,--,--,--,--,--,17.0678,0.0004,-0.0004,-0.0301,0.0037,-0.0037,--,--,--,--,--,--,17.0556,0.0004,-0.0005,0.1004,0.0031,-0.0032,17.0443,0.0007,-0.0007,-0.4126,0.0045,-0.0047,17.0404,0.0006,-0.0006,-0.1155,0.0037,-0.0038,15998.7
212-G+,879.0528,0.0044,-0.0043,0.159,0.0006,-0.0006,55.7222,0.1523,-0.153,-0.0329,0.0263,-0.026,-0.0429,0.0082,-0.0083,18.3788,0.0002,-0.0002,-0.0195,0.0039,-0.0039,--,--,--,--,--,--,--,--,--,--,--,--,--,--,--,--,--,--,--,--,--,--,--,--,17.0696,0.0008,-0.0008,-0.0366,0.004,-0.0041,--,--,--,--,--,--,17.0549,0.0008,-0.0008,0.098,0.0035,-0.0036,17.0449,0.0013,-0.0013,-0.4183,0.0055,-0.0056,17.0402,0.0011,-0.001,-0.1195,0.0043,-0.0044,15608.8
212-G-,7879.0524,0.0043,-0.0042,-0.159,0.0006,-0.0006,55.5134,0.1827,-0.1814,-0.0317,0.0278,-0.0283,-0.0392,0.0055,-0.0057,18.3788,0.0002,-0.0002,-0.0222,0.0044,-0.0044,--,--,--,--,--,--,--,--,--,--,--,--,--,--,--,--,--,--,--,--,--,--,--,--,17.0692,0.0006,-0.0006,-0.0358,0.0039,-0.0039,--,--,--,--,--,--,17.0545,0.0006,-0.0006,0.0988,0.0034,-0.0034,17.0443,0.001,-0.001,-0.4168,0.0051,-0.0051,17.0397,0.0008,-0.0008,-0.1184,0.0041,-0.0041,15609.5
212-GSA0,7879.0078,0.0037,-0.0036,0.1585,0.0006,-0.0006,55.7728,0.1514,-0.1497,--,--,--,--,--,--,--,--,--,--,--,--,--,--,--,--,--,--,--,--,--,--,--,--,18.4342,0.0001,-0.0001,-0.0326,0.004,-0.0039,--,--,--,--,--,--,17.0678,0.0004,-0.0004,-0.0301,0.0037,-0.0037,--,--,--,--,--,--,17.0556,0.0004,-0.0004,0.1004,0.0032,-0.0031,17.0443,0.0007,-0.0007,-0.4126,0.0046,-0.0045,17.0404,0.0006,-0.0006,-0.1155,0.0038,-0.0037,16041.2
212-GSA+,7879.0529,0.0044,-0.0043,0.159,0.0006,-0.0006,55.7228,0.1549,-0.1522,-0.0337,0.0255,-0.0258,-0.0432,0.0079,-0.0082,--,--,--,--,--,--,--,--,--,--,--,--,--,--,--,--,--,--,18.4356,0.0003,-0.0003,-0.039,0.004,-0.004,--,--,--,--,--,--,17.0696,0.0008,-0.0008,-0.0367,0.0041,-0.004,--,--,--,--,--,--,17.0549,0.0008,-0.0008,0.0979,0.0035,-0.0035,17.045,0.0013,-0.0013,-0.4185,0.0055,-0.0054,17.0403,0.0011,-0.001,-0.1196,0.0043,-0.0043,15650.5
212-GSA-,7879.0524,0.0043,-0.0043,-0.159,0.0006,-0.0006,55.4996,0.1872,-0.1814,-0.0349,0.0281,-0.0286,-0.0398,0.0056,-0.0057,--,--,--,--,--,--,--,--,--,--,--,--,--,--,--,--,--,--,18.4356,0.0003,-0.0002,-0.042,0.0046,-0.0045,--,--,--,--,--,--,17.0692,0.0006,-0.0006,-0.036,0.004,-0.0039,--,--,--,--,--,--,17.0545,0.0006,-0.0006,0.0986,0.0034,-0.0034,17.0444,0.001,-0.001,-0.4171,0.0052,-0.0051,17.0398,0.0008,-0.0008,-0.1186,0.0041,-0.0041,15650.9
230-G0,7123.5923,0.3871,-0.3939,0.8028,0.2318,-0.2161,24.4241,5.2298,-3.6372,--,--,--,--,--,--,18.7161,0.0002,-0.0002,0.5297,0.1933,-0.3028,--,--,--,--,--,--,--,--,--,--,--,--,--,--,--,--,--,--,--,--,--,--,--,--,17.5289,0.0001,-0.0001,0.5757,0.1757,-0.2748,--,--,--,--,--,--,--,--,--,--,--,--,--,--,--,--,--,--,--,--,--,--,--,--,2696.4
230-G+,7122.6952,0.4506,-0.4494,0.8847,0.2948,-0.2292,22.8899,4.7289,-3.7964,0.832,0.1226,-0.1904,-0.2738,0.7924,-0.5336,18.7162,0.0001,-0.0002,0.4256,0.2359,-0.4653,--,--,--,--,--,--,--,--,--,--,--,--,--,--,--,--,--,--,--,--,--,--,--,--,17.529,0.0001,-0.0001,0.487,0.2132,-0.4208,--,--,--,--,--,--,--,--,--,--,--,--,--,--,--,--,--,--,--,--,--,--,--,--,2719.6
230-G-,7122.7199,0.4322,-0.4391,-0.8699,0.2256,-0.3295,23.026,4.9655,-4.1755,0.1476,0.6291,-0.7258,0.8271,0.1214,-0.1885,18.7162,0.0001,-0.0002,0.4435,0.2283,-0.518,--,--,--,--,--,--,--,--,--,--,--,--,--,--,--,--,--,--,--,--,--,--,--,--,17.529,0.0001,-0.0001,0.5025,0.2062,-0.4709,--,--,--,--,--,--,--,--,--,--,--,--,--,--,--,--,--,--,--,--,--,--,--,--,2682.4
259-G0,7879.7156,0.5158,-0.4989,0.0539,0.0076,-0.0066,116.0954,10.918,-10.0685,--,--,--,--,--,--,18.9457,0.0041,-0.0039,0.407,0.072,-0.0832,--,--,--,--,--,--,18.1096,0.0061,-0.0057,0.4341,0.0695,-0.079,--,--,--,--,--,--,--,--,--,--,--,--,17.9907,0.0014,-0.0013,0.4419,0.0713,-0.0827,--,--,--,--,--,--,--,--,--,--,--,--,--,--,--,--,--,--,--,--,--,--,--,--,56.7
259-G+,7879.674,0.6158,-0.6051,0.0789,0.0268,-0.027,87.4606,37.7473,-18.5678,0.0965,0.1206,-0.1227,0.1383,0.1008,-0.0976,18.9482,0.0056,-0.0051,0.1291,0.3031,-0.3165,--,--,--,--,--,--,18.1136,0.0073,-0.0069,0.1485,0.3048,-0.3154,--,--,--,--,--,--,--,--,--,--,--,--,17.9912,0.0016,-0.0015,0.1849,0.2846,-0.3008,--,--,--,--,--,--,--,--,--,--,--,--,--,--,--,--,--,--,--,--,--,--,--,--,58.8
259-G-,7879.9941,0.6227,-0.5772,-0.0775,0.0293,-0.0298,85.1033,45.4544,-20.1661,0.1442,0.1171,-0.1212,0.0936,0.146,-0.1348,18.9477,0.0057,-0.005,0.1145,0.3531,-0.3709,--,--,--,--,--,--,18.1094,0.0063,-0.006,0.1803,0.3186,-0.3459,--,--,--,--,--,--,--,--,--,--,--,--,17.9911,0.0016,-0.0015,0.171,0.3305,-0.351,--,--,--,--,--,--,--,--,--,--,--,--,--,--,--,--,--,--,--,--,--,--,--,--,54.1
259-GSA0,7880.0398,0.4142,-0.3819,0.0516,0.0057,-0.0053,122.3395,9.3878,-8.4728,--,--,--,--,--,--,--,--,--,--,--,--,--,--,--,--,--,--,--,--,--,--,--,--,18.9896,0.0017,-0.0016,0.4407,0.0562,-0.0614,--,--,--,--,--,--,18.0035,0.0048,-0.0047,0.4513,0.0574,-0.063,--,--,--,--,--,--,--,--,--,--,--,--,--,--,--,--,--,--,--,--,--,--,--,--,135.8
259-GSA+,7879.9212,0.4244,-0.3893,0.0637,0.011,-0.0109,106.2348,14.7303,-10.6156,0.0113,0.0286,-0.0299,0.1242,0.0555,-0.066,--,--,--,--,--,--,--,--,--,--,--,--,--,--,--,--,--,--,18.9925,0.0022,-0.0021,0.3083,0.1173,-0.1192,--,--,--,--,--,--,17.9915,0.0012,-0.0012,0.3403,0.1133,-0.1195,--,--,--,--,--,--,--,--,--,--,--,--,--,--,--,--,--,--,--,--,--,--,--,--,258.3
259-GSA-,7880.1707,0.446,-0.4138,-0.0666,0.0111,-0.0111,98.3473,15.2509,-10.5882,0.157,0.065,-0.0744,0.0277,0.0345,-0.0371,,--,--,--,--,--,--,--,--,--,--,--,--,--,--,--,--,--,18.9925,0.0021,-0.0021,0.2527,0.1321,-0.1333,--,--,--,--,--,--,17.9914,0.0012,-0.0011,0.2894,0.1259,-0.1306,--,--,--,--,--,--,--,--,--,--,--,--,--,--,--,--,--,--,--,--,--,--,--,--,124.9
270-G0,7511.8795,0.057,-0.0569,0.6253,0.0036,-0.0073,76.7123,0.652,-0.3873,--,--,--,--,--,--,19.09,0.0002,-0.0002,0.0129,0.0192,-0.0096,--,--,--,--,--,--,--,--,--,--,--,--,--,--,--,--,--,--,--,--,--,--,--,--,--,--,--,--,--,--,17.5624,0.0001,-0.0001,0.0575,0.0185,-0.0092,18.0977,0.0018,-0.0018,0,0,0,18.1078,0.0021,-0.0022,0,0,0,18.1114,0.0013,-0.0013,0,0,0,6729.1
270-G+,7513.7715,0.1023,-0.0995,0.6045,0.011,-0.0196,78.5759,1.6177,-1.1907,-0.0069,0.0263,-0.0246,-0.1557,0.0146,-0.0138,19.1,0.0019,-0.0018,0.041,0.0515,-0.0296,--,--,--,--,--,--,--,--,--,--,--,--,--,--,--,--,--,--,--,--,--,--,--,--,--,--,--,--,--,--,17.5648,0.0006,-0.0006,0.1008,0.0476,-0.0275,18.0959,0.0044,-0.0043,0,0,0,18.1074,0.0058,-0.0057,0,0,0,18.109,0.0032,-0.0032,0,0,0,6063
270-G-,7513.7218,0.1239,-0.1185,-0.6032,0.0194,-0.012,77.9484,1.7453,-1.5931,0.0219,0.0436,-0.0492,-0.1592,0.0127,-0.0131,19.0996,0.0016,-0.0017,0.0453,0.0506,-0.0319,--,--,--,--,--,--,--,--,--,--,--,--,--,--,--,--,--,--,--,--,--,--,--,--,--,--,--,--,--,--,17.5646,0.0005,-0.0005,0.1043,0.0472,-0.0299,18.0957,0.0042,-0.004,0,0,0,18.1072,0.0056,-0.0054,0,0,0,18.1089,0.0031,-0.003,0,0,0,6064.3
275-G0,7247.4052,0.2229,-0.2238,0.015,0.0118,-0.01,184.308,16.926,-14.9688,--,--,--,--,--,--,19.1325,0.0051,-0.0046,0.7292,0.0263,-0.0301,--,--,--,--,--,--,17.5922,0.0045,-0.0041,0.7632,0.0225,-0.0261,--,--,--,--,--,--,--,--,--,--,--,--,17.6028,0.0065,-0.006,0.732,0.0252,-0.0304,--,--,--,--,--,--,--,--,--,--,--,--,--,--,--,--,--,--,--,--,--,--,--,--,163.8
275-G+,7247.9227,0.2666,-0.2514,0.0192,0.0239,-0.014,136.6133,27.5288,-19.5806,0.087,0.0302,-0.0243,0.0434,0.0907,-0.0944,19.1108,0.0055,-0.0051,0.623,0.074,-0.084,--,--,--,--,--,--,17.574,0.0047,-0.0044,0.673,0.064,-0.0731,--,--,--,--,--,--,--,--,--,--,--,--,17.5901,0.0059,-0.0056,0.637,0.0717,-0.0847,--,--,--,--,--,--,--,--,--,--,--,--,--,--,--,--,--,--,--,--,--,--,--,--,147.7
275-G-,7247.929,0.2531,-0.251,-0.0195,0.0137,-0.0239,137.0444,32.7361,-21.3377,0.0426,0.1044,-0.1115,0.0878,0.0311,-0.0246,19.1107,0.0055,-0.0052,0.6255,0.0814,-0.0866,--,--,--,--,--,--,17.5739,0.0048,-0.0045,0.6752,0.07,-0.074,--,--,--,--,--,--,--,--,--,--,--,--,17.5899,0.006,-0.0056,0.6398,0.0779,-0.0862,--,--,--,--,--,--,--,--,--,--,--,--,--,--,--,--,--,--,--,--,--,--,--,--,138
284-G0,7841.3028,0.0008,-0.0008,0.0336,0.0001,-0.0001,20.675,0.0094,-0.0046,--,--,--,--,--,--,19.3106,0.0001,-0.0001,0.0005,0.0008,-0.0004,--,--,--,--,--,--,--,--,--,--,--,--,--,--,--,--,--,--,--,--,--,--,--,--,17.8617,0.0001,-0.0001,-0.0272,0.0007,-0.0006,--,--,--,--,--,--,18.2045,0.0001,-0.0001,0,0,0,18.2008,0.0001,-0.0001,0,0,0,18.2078,0.0001,-0.0001,0,0,0,9662.2
284-G+1,7841.3022,0.0008,-0.0008,0.0335,0.0001,-0.0001,20.7106,0.0115,-0.0083,0.9684,0.0236,-0.0515,-0.0123,0.0184,-0.0194,19.31,0.0001,-0.0001,0.0006,0.0009,-0.0004,--,--,--,--,--,--,--,--,--,--,--,--,--,--,--,--,--,--,--,--,--,--,--,--,17.8615,0.0001,-0.0001,-0.023,0.0008,-0.0007,--,--,--,--,--,--,18.2038,0.0001,-0.0001,0,0,0,18.1995,0.0002,-0.0002,0,0,0,18.207,0.0001,-0.0001,0,0,0,9631.4
284-G+2,7841.3047,0.0009,-0.0008,0.0336,0.0001,-0.0001,20.7024,0.0125,-0.0082,-0.9718,0.0483,-0.0214,-0.0974,0.0185,-0.0183,19.3096,0.0001,-0.0001,0.0006,0.001,-0.0005,--,--,--,--,--,--,--,--,--,--,--,--,--,--,--,--,--,--,--,--,--,--,--,--,17.8615,0.0001,-0.0001,-0.0285,0.0008,-0.0007,--,--,--,--,--,--,18.2038,0.0001,-0.0001,0,0,0,18.1994,0.0002,-0.0002,0,0,0,18.207,0.0001,-0.0001,0,0,0,9624.1
284-G-1,7841.3047,0.0008,-0.0009,-0.0335,0.0001,-0.0001,20.7624,0.0114,-0.0086,0.9721,0.021,-0.049,-0.0149,0.0191,-0.0188,19.3098,0.0001,-0.0001,0.0006,0.0009,-0.0004,--,--,--,--,--,--,--,--,--,--,--,--,--,--,--,--,--,--,--,--,--,--,--,--,17.8615,0.0001,-0.0001,-0.0249,0.0007,-0.0006,--,--,--,--,--,--,18.2037,0.0001,-0.0001,0,0,0,18.1993,0.0002,-0.0002,0,0,0,20.0501,0.0038,-0.0042,9625.3,,,
284-G-2,7841.3023,0.0008,-0.0008,-0.0336,0.0001,-0.0001,20.6514,0.0123,-0.0083,-0.9704,0.0495,-0.0219,-0.0952,0.019,-0.0187,19.3098,0.0001,-0.0001,0.0006,0.001,-0.0005,--,--,--,--,--,--,--,--,--,--,--,--,--,--,--,--,--,--,--,--,--,--,--,--,17.8616,0.0001,-0.0001,-0.0266,0.0008,-0.0007,--,--,--,--,--,--,18.2039,0.0001,-0.0001,0,0,0,18.1996,0.0002,-0.0002,0,0,0,20.0592,0.004,-0.0044,0,0,0,9629.7
326-G0,7316.0492,1.4208,-1.4415,0.6263,0.0107,-0.0216,161.6102,3.898,-2.7949,--,--,--,--,--,--,19.9469,0.0013,-0.0012,0.0373,0.0542,-0.0276,--,--,--,--,--,--,--,--,--,--,--,--,--,--,--,--,--,--,--,--,--,--,--,--,18.3685,0.0004,-0.0004,0.2313,0.0422,-0.0234,--,--,--,--,--,--,18.251,0.0013,-0.0012,0.2519,0.0402,-0.0258,18.2492,0.0017,-0.0015,-0.0229,0.0549,-0.0352,18.2505,0.0011,-0.001,0.3235,0.0366,-0.0238,131
326-G+,7352.3939,2.4081,-2.4279,0.3653,0.0879,-0.0623,157.5998,15.6733,-16.5149,-0.1415,0.0168,-0.0161,0.1228,0.0134,-0.0133,19.9397,0.0015,-0.0015,0.4455,0.1017,-0.1681,--,--,--,--,--,--,--,--,--,--,--,--,--,--,--,--,--,--,--,--,--,--,--,--,18.3691,0.0005,-0.0004,0.4817,0.0923,-0.1504,--,--,--,--,--,--,18.2451,0.0037,-0.0034,0.5096,0.0819,-0.1361,18.2425,0.0048,-0.0043,0.3341,0.111,-0.1844,18.2463,0.0034,-0.003,0.5474,0.0763,-0.126,5563
326-G-,7339.1911,1.3941,-1.4809,-0.59,0.01,-0.008,111.6331,2.9575,-2.6797,0.1768,0.0206,-0.0213,0.1447,0.0131,-0.0129,19.9377,0.0011,-0.0011,0.0148,0.0233,-0.011,--,--,--,--,--,--,--,--,--,--,--,--,--,--,--,--,--,--,--,--,--,--,--,--,18.3681,0.0003,-0.0003,0.0883,0.0281,-0.0254,--,--,--,--,--,--,18.2428,0.0026,-0.0024,0.1575,0.0387,-0.0397,18.2381,0.0033,-0.0031,-0.1415,0.0516,-0.0528,18.2436,0.0023,-0.0021,0.2322,0.0349,-0.0358,5639.6
331-G0,7679.3061,0.0331,-0.0325,0.0963,0.0004,-0.0006,74.8134,0.3547,-0.2252,--,--,--,--,--,--,20.0098,0.0003,-0.0003,0.0048,0.0063,-0.0035,--,--,--,--,--,--,--,--,--,--,--,--,--,--,--,--,--,--,--,--,--,--,--,--,18.3729,0.0002,-0.0001,0.1483,0.006,-0.0037,--,--,--,--,--,--,18.8594,0.001,-0.001,0,0,0,18.8594,0.001,-0.001,0,0,0,18.9018,0.0013,-0.0012,0,0,0,5805.2
331-G+,7679.1938,0.1462,-0.144,0.094,0.002,-0.0022,75.9901,1.6204,-0.9062,0.0519,0.0779,-0.0749,-0.0067,0.0178,-0.0137,20.0116,0.0017,-0.0012,0.0157,0.0201,-0.0114,--,--,--,--,--,--,--,--,--,--,--,--,--,--,--,--,--,--,--,--,--,--,--,--,18.3731,0.0004,-0.0004,0.1551,0.0187,-0.0109,--,--,--,--,--,--,18.8573,0.002,-0.0021,0,0,0,18.8573,0.002,-0.0021,0,0,0,18.8987,0.0028,-0.0029,0,0,0,5806.9
331-G-,7679.2991,0.1563,-0.1449,-0.0952,0.0024,-0.002,75.842,1.6205,-0.8988,0.006,0.0817,-0.0823,-0.0097,0.0105,-0.0119,20.0113,0.0017,-0.0018,0.0153,0.0201,-0.0111,--,--,--,--,--,--,--,--,--,--,--,--,--,--,--,--,--,--,--,--,--,--,--,--,18.3729,0.0003,-0.0003,0.1583,0.0176,-0.0111,--,--,--,--,--,--,18.8566,0.002,-0.002,0,0,0,18.8566,0.002,-0.002,0,0,0,18.8978,0.0027,-0.0028,0,0,0,5805.2
343-G0,7890.7374,0.0014,-0.0013,0.017,0.0001,-0.0001,124.8813,0.0196,-0.0178,--,--,--,--,--,--,20.3142,0.0001,-0.0001,0.0001,0.0001,-0.0001,--,--,--,--,--,--,18.5798,0.0004,-0.0003,0.455,0.0002,-0.0002,--,--,--,--,--,--,--,--,--,--,--,--,19.0424,0.0001,-0.0001,0.1888,0.0002,-0.0002,15.9272,0.0007,-0.0007,0,0,0,17.5479,0.0001,-0.0001,0.9076,0.0001,-0.0001,17.5576,0.0002,-0.0002,0.7179,0.0002,-0.0002,17.5654,0.0001,-0.0002,0.7179,0.0001,-0.0001,24865.7
343-G+,7890.7132,0.0014,-0.0014,0.0181,0.0001,-0.0001,116.7045,0.1497,-0.1395,0.2897,0.0072,-0.0071,0.1239,0.0022,-0.0022,20.2367,0.0012,-0.0012,0.0005,0.0009,-0.0004,--,--,--,--,--,--,18.5001,0.0016,-0.0016,0.4634,0.0008,-0.0008,--,--,--,--,--,--,--,--,--,--,--,--,19.0343,0.0001,-0.0001,0.1317,0.0012,-0.0011,12.9634,0.0014,-0.0013,0,0,0,17.5377,0.0002,-0.0002,0.9028,0.0001,-0.0001,17.5231,0.0007,-0.0007,0.7096,0.0003,-0.0002,17.5334,0.0007,-0.0007,0.709,0.0002,-0.0002,21902.3
343-G-,7890.7132,0.0014,-0.0014,0.0181,0.0001,-0.0001,116.7045,0.1497,-0.1395,0.2897,0.0072,-0.0071,0.1239,0.0022,-0.0022,20.2367,0.0012,-0.0012,0.0005,0.0009,-0.0004,--,--,--,--,--,--,18.5001,0.0016,-0.0016,0.4634,0.0008,-0.0008,--,--,--,--,--,--,--,--,--,--,--,--,19.0343,0.0001,-0.0001,0.1317,0.0012,-0.0011,12.9634,0.0014,-0.0013,0,0,0,17.5377,0.0002,-0.0002,0.9028,0.0001,-0.0001,17.5231,0.0007,-0.0007,0.7096,0.0003,-0.0002,17.5334,0.0007,-0.0007,0.709,0.0002,-0.0002,21902.3
353-G0,7844.7014,0.133,-0.1315,0.2953,0.0013,-0.0015,122.7868,0.8756,-0.8484,--,--,--,--,--,--,20.479,0.0041,-0.0041,0.0021,0.0034,-0.0016,--,--,--,--,--,--,19.6264,0.0281,-0.0267,-0.9746,0.0513,-0.0552,--,--,--,--,--,--,--,--,--,--,--,--,19.5086,0.0004,-0.0004,-0.3714,0.0089,-0.0085,16.6291,0.0091,-0.0088,0,0,0,18.6145,0.002,-0.0019,0.4218,0.0029,-0.0026,--,--,--,--,--,--,18.4057,0.002,-0.002,0.4553,0.003,-0.0028,7074.2
353-G+,7844.8033,0.1792,-0.1902,0.2841,0.0092,-0.0186,119.7356,5.5407,-3.232,0.2259,0.0235,-0.021,-0.0177,0.0111,-0.01,20.5001,0.0116,-0.0122,0.0559,0.0827,-0.0411,--,--,--,--,--,--,20.1727,0.1776,-0.1545,-2.3322,0.5572,-0.6839,--,--,--,--,--,--,--,--,--,--,--,--,19.5022,0.0008,-0.0008,-0.2762,0.1072,-0.0543,16.4952,0.0159,-0.0155,0,0,0,18.5753,0.0029,-0.0028,0.4975,0.0417,-0.0209,--,--,--,--,--,--,18.3709,0.0027,-0.0026,0.5222,0.0397,-0.0199,6809.1
353-G-1,7844.6009,0.1436,-0.1466,-0.2987,0.0041,-0.0036,105.3511,1.9346,-1.8745,-0.4051,0.0254,-0.0258,-0.036,0.0078,-0.0077,20.4841,0.011,-0.0111,0.0087,0.0143,-0.0065,--,--,--,--,--,--,19.9306,0.1242,-0.1093,-1.7739,0.2871,-0.3634,--,--,--,--,--,--,--,--,--,--,--,--,19.5062,0.0007,-0.0007,-0.3655,0.0238,-0.0211,16.5695,0.0139,-0.0138,0,0,0,18.5919,0.0023,-0.0024,0.4474,0.0094,-0.0084,--,--,--,--,--,--,18.3862,0.0022,-0.0023,0.4761,0.0089,-0.008,6856.7
353-G-2,7846.2305,0.3373,-0.3439,-0.2992,0.0033,-0.0032,180.1448,6.6528,-6.2254,0.3228,0.024,-0.025,-0.0709,0.0108,-0.0104,20.4919,0.0101,-0.0102,0.0051,0.0082,-0.0038,--,--,--,--,--,--,19.8929,0.1019,-0.0923,-1.6385,0.2321,-0.2791,--,--,--,--,--,--,--,--,--,--,--,--,19.5106,0.0006,-0.0006,-0.3813,0.0197,-0.0195,16.6462,0.0128,-0.0124,0,0,0,18.5992,0.0022,-0.0023,0.4358,0.0083,-0.0082,--,--,--,--,--,--,18.3926,0.0022,-0.0022,0.4663,0.0078,-0.0079,6897.9
359-G0,7653.4381,0.0254,-0.025,0.0851,0.0002,-0.0002,93.3656,0.1478,-0.1447,--,--,--,--,--,--,20.6689,0.0004,-0.0004,0.0005,0.0007,-0.0003,--,--,--,--,--,--,--,--,--,--,--,--,--,--,--,--,--,--,--,--,--,--,--,--,19.3224,0.0001,-0.0001,0.1621,0.0009,-0.0007,--,--,--,--,--,--,19.7906,0.0013,-0.0013,0,0,0,19.9198,0.003,-0.0029,0,0,0,19.9397,0.0025,-0.0025,0,0,0,4466.8
359-G+,7652.7825,0.029,-0.0271,0.0193,0.0029,-0.0025,367.8367,52.1421,-46.125,-0.3061,0.0289,-0.03,-0.1161,0.0138,-0.016,20.7046,0.0065,-0.006,0.8018,0.0242,-0.0282,--,--,--,--,--,--,--,--,--,--,--,--,--,--,--,--,--,--,--,--,--,--,--,--,19.3197,0.0011,-0.001,0.8186,0.0237,-0.0278,--,--,--,--,--,--,19.718,0.0103,-0.0102,0,0,0,19.7902,0.0151,-0.0149,0,0,0,19.8196,0.014,-0.014,0,0,0,2720.4
359-G-,7652.8008,0.0271,-0.0265,-0.0223,0.0024,-0.0027,315.8236,36.7158,-33.0852,0.3871,0.0321,-0.0306,-0.0982,0.0109,-0.0121,20.8721,0.0115,-0.012,0.7236,0.0267,-0.0302,--,--,--,--,--,--,--,--,--,--,--,--,--,--,--,--,--,--,--,--,--,--,--,--,19.3273,0.0023,-0.0021,0.7888,0.0231,-0.0263,--,--,--,--,--,--,19.7308,0.0099,-0.0096,0,0,0,19.8104,0.0147,-0.0144,0,0,0,19.8344,0.0134,-0.013,0,0,0,2748
363-G0,7797.5306,0.7492,-0.7784,0.1795,0.0124,-0.0115,163.8575,8.0949,-7.6722,--,--,--,--,--,--,20.938,0.0106,-0.0103,0.3974,0.0393,-0.0428,--,--,--,--,--,--,--,--,--,--,--,--,--,--,--,--,--,--,--,--,--,--,--,--,19.5791,0.0022,-0.0021,0.2726,0.0556,-0.0621,--,--,--,--,--,--,19.4818,0.0047,-0.0046,0.5825,0.0305,-0.0339,19.5297,0.0079,-0.0077,0.288,0.0494,-0.0548,19.5118,0.0086,-0.0085,0.2453,0.0523,-0.0577,5406.7
363-G+,7798.916,0.7036,-0.7301,0.2364,0.0152,-0.0248,97.3967,8.1127,-4.3296,0.2537,0.0222,-0.0231,0.184,0.0224,-0.0224,20.957,0.0161,-0.0149,0.0842,0.1027,-0.0599,--,--,--,--,--,--,--,--,--,--,--,--,--,--,--,--,--,--,--,--,--,--,--,--,19.5602,0.0023,-0.0022,-0.0154,0.1305,-0.0882,--,--,--,--,--,--,19.4652,0.0047,-0.0045,0.4291,0.0732,-0.0505,19.5012,0.0077,-0.0071,0.0358,0.1222,-0.0856,19.4823,0.0086,-0.0081,-0.0192,0.1297,-0.0911,5240.3
363-G-1,7800.0452,0.8669,-0.9263,-0.2441,0.0111,-0.0088,109.908,3.8058,-2.714,0.2708,0.012,-0.0128,0.3209,0.0249,-0.0262,20.9708,0.0149,-0.0143,0.0291,0.044,-0.0217,--,--,--,--,--,--,--,--,--,--,--,--,--,--,--,--,--,--,--,--,--,--,--,--,19.5714,0.0019,-0.0019,-0.0659,0.0635,-0.0554,--,--,--,--,--,--,19.4844,0.0047,-0.0047,0.3866,0.0375,-0.033,19.536,0.0076,-0.0075,-0.0559,0.0646,-0.0578,19.5178,0.0086,-0.0086,-0.1156,0.0691,-0.062,5252.3
363-G-2,7798.898,0.6819,-0.7308,-0.2386,0.0201,-0.0131,95.5055,6.3978,-3.65,-0.2838,0.0239,-0.0224,0.1889,0.0222,-0.0219,20.9594,0.0157,-0.0154,0.0671,0.0856,-0.0482,--,--,--,--,--,--,--,--,--,--,--,--,--,--,--,--,--,--,--,--,--,--,--,--,19.5614,0.0021,-0.002,-0.0273,0.107,-0.0783,--,--,--,--,--,--,19.4678,0.0045,-0.0043,0.4202,0.0602,-0.0453,19.5059,0.0071,-0.0069,0.0182,0.1009,-0.077,19.4279,0.0115,-0.0093,0.983,0.0713,-0.0948,5240.7
