#GaiaDR3-ULENS,MF,ML,err_ML_pl,err_ML_mn,DL,err_DL_pl,err_DL_pl,lens_mag,err_lens_mag_pl,err_lens_mag_mn,blend_mag,err_blend_pl,err_blend_mn,theta_e,err_theta_e_pl,err_theta_e_mn,max_astro_disp,err_max_astro_disp_pl,err_max_astro_disp_mn,lens_prop_mot,err_lens_prop_mot_pl,err_lens_prop_mot_mn,transverse_vel,err_vt_pl,err_vt_mn,dark_lens_prob
025-G1-,K2001,0.27,0.27,0.13,0.79,0.56,0.38,21.14,3.56,4.07,20.27,4.73,1.48,1.56,1.56,0.74,0.55,1.11,0.29,10.55,1.57,0.74,39.45,34.08,21.61,48.62
025-G1-,M2021,0.78,0.48,0.41,0.32,0.32,0.13,14.15,5.40,3.77,20.26,4.74,1.47,4.34,2.75,2.22,1.54,2.51,0.75,18.37,2.75,2.22,27.88,31.79,14.34,87.47
025-G1-,M^-1,0.35,0.47,0.19,0.63,0.56,0.34,19.82,3.98,6.20,20.26,4.74,1.48,2.03,2.64,1.06,0.72,1.65,0.34,11.74,2.65,1.06,35.19,39.37,22.30,60.07
025-G2-,K2001,0.53,0.42,0.20,1.27,0.58,0.50,20.09,2.86,4.74,25.00,0.00,2.97,1.67,1.26,0.62,0.59,1.04,0.37,3.10,1.26,0.62,18.64,16.20,11.12,89.93
025-G2-,M2021,1.13,1.07,0.51,0.68,0.50,0.32,13.92,4.98,4.54,25.00,0.00,2.99,3.49,3.30,1.55,1.24,2.40,0.69,1.66,3.30,1.55,5.36,14.62,7.56,98.18
025-G2-,M^-1,0.77,0.94,0.37,0.95,0.65,0.49,17.00,4.79,5.81,25.00,0.00,2.94,2.39,2.87,1.11,0.85,1.87,0.46,1.38,2.87,1.11,6.23,17.19,8.21,94.54
035-G+,K2001,0.49,0.35,0.21,1.33,0.71,0.50,20.38,3.03,4.30,25.00,0.00,0.00,1.56,1.11,0.65,0.55,0.94,0.32,14.21,1.11,0.66,89.46,55.03,38.02,92.86
035-G+,M2021,0.88,0.34,0.34,0.81,0.44,0.22,15.70,4.03,2.60,25.00,0.00,0.00,2.79,1.10,1.07,0.99,1.38,0.61,21.90,1.11,1.08,84.51,49.56,26.95,99.74
035-G+,M^-1,0.64,0.44,0.29,1.07,0.70,0.40,18.51,4.00,4.52,25.00,0.00,0.00,2.03,1.41,0.92,0.72,1.22,0.39,17.08,1.41,0.93,86.52,63.74,37.27,95.96
035-G-,K2001,0.49,0.34,0.21,1.35,0.74,0.51,20.46,3.06,4.26,25.00,0.00,0.00,1.54,1.08,0.65,0.54,0.93,0.31,14.33,1.09,0.66,91.58,56.96,38.61,92.17
035-G-,M2021,0.88,0.33,0.34,0.82,0.45,0.22,15.76,4.11,2.53,25.00,0.00,0.00,2.76,1.05,1.08,0.98,1.35,0.59,22.22,1.06,1.09,86.85,51.45,26.96,99.72
035-G-,M^-1,0.63,0.43,0.29,1.09,0.71,0.41,18.66,3.94,4.49,25.00,0.00,0.00,1.98,1.35,0.90,0.70,1.18,0.38,17.15,1.36,0.91,88.82,64.79,37.70,95.35
069-G+,K2001,1.30,0.72,0.49,6.78,1.20,0.89,19.69,2.74,2.37,19.49,0.12,0.11,0.64,0.34,0.23,0.23,0.35,0.14,5.92,0.38,0.29,190.46,46.07,34.18,47.10
069-G+,M2021,1.76,0.81,0.60,6.30,0.97,0.73,18.39,1.94,1.78,19.49,0.12,0.11,0.86,0.36,0.29,0.30,0.43,0.20,6.56,0.40,0.33,196.10,42.05,32.75,73.91
069-G+,M^-1,1.67,0.81,0.59,6.40,1.02,0.79,18.61,2.10,1.90,19.49,0.12,0.11,0.82,0.36,0.29,0.29,0.42,0.19,6.44,0.40,0.33,195.47,43.11,34.14,68.83
069-G-,K2001,0.81,0.42,0.30,6.62,1.00,0.84,22.23,2.95,2.59,20.10,0.18,0.16,0.53,0.26,0.19,0.19,0.28,0.12,5.45,0.31,0.25,171.09,35.64,29.76,22.43
069-G-,M2021,1.12,0.46,0.34,6.13,0.81,0.67,20.16,2.25,1.69,20.10,0.18,0.16,0.73,0.25,0.21,0.26,0.35,0.18,5.98,0.30,0.27,173.74,31.87,26.84,50.34
069-G-,M^-1,1.00,0.49,0.36,6.30,0.92,0.75,20.76,3.06,2.06,20.10,0.18,0.16,0.66,0.28,0.23,0.23,0.33,0.15,5.78,0.32,0.28,172.82,34.80,29.03,40.04
073-G+,K2001,7.05,4.82,3.01,6.15,0.90,0.63,14.23,0.75,0.30,19.90,5.10,1.01,1.57,0.64,0.58,0.55,0.78,0.35,12.08,0.65,0.59,352.39,70.45,53.38,99.56
073-G+,M2021,10.49,5.98,4.19,6.08,1.67,0.65,14.13,0.63,0.26,19.90,5.10,1.01,1.93,0.66,0.54,0.68,0.92,0.49,13.31,0.67,0.56,383.62,124.56,56.84,99.98
073-G+,M^-1,10.44,6.91,4.33,6.13,2.17,0.68,14.16,0.64,0.27,19.89,5.11,1.01,1.94,0.57,0.58,0.69,0.89,0.48,13.29,0.58,0.59,386.33,153.84,59.81,99.97
073-G-,K2001,6.10,1.98,1.71,5.06,1.21,0.93,13.81,0.68,0.51,25.00,0.00,4.47,2.02,0.43,0.60,0.72,0.87,0.50,11.71,0.46,0.61,281.04,78.24,66.05,99.99
073-G-,M2021,6.98,2.82,1.71,5.06,1.06,0.91,13.76,0.43,0.47,25.00,0.00,4.48,2.17,0.44,0.46,0.77,0.93,0.61,12.18,0.46,0.48,292.29,72.42,64.09,100.00
073-G-,M^-1,6.85,2.67,1.67,5.06,1.08,0.91,13.76,0.45,0.48,25.00,0.00,4.48,2.16,0.44,0.46,0.76,0.92,0.60,12.12,0.46,0.48,290.64,72.93,64.04,100.00
088-G-,K2001,2.41,1.52,0.99,6.27,1.08,0.92,17.15,2.40,1.56,18.95,0.12,0.10,1.04,0.58,0.39,0.37,0.57,0.23,8.78,0.60,0.40,260.97,62.62,50.10,77.00
088-G-,M2021,3.45,1.91,1.35,5.93,0.93,0.98,16.05,1.60,1.07,18.95,0.12,0.10,1.38,0.62,0.48,0.49,0.71,0.32,9.44,0.63,0.50,265.47,59.13,57.69,92.77
088-G-,M^-1,3.32,1.90,1.31,5.98,0.94,0.95,16.17,1.68,1.16,18.95,0.12,0.10,1.35,0.61,0.49,0.48,0.69,0.30,9.36,0.62,0.51,265.36,59.14,56.58,91.21
089_G+,K2001,0.34,0.25,0.16,5.71,0.73,0.74,26.74,1.82,2.40,20.32,1.11,0.56,0.42,0.24,0.15,0.15,0.23,0.09,10.08,0.27,0.21,272.56,42.09,40.80,18.04
089_G+,M2021,1.6,51.06,1.14,1.08,4.35,0.39,14.19,10.89,3.19,20.32,1.10,0.56,2.87,2.19,2.31,1.02,1.79,0.20,19.06,2.19,2.31,97.97,404.47,46.76,80.87
089_G+,M^-1,0.50,1.68,0.25,5.30,0.88,4.46,25.19,2.47,13.03,20.32,1.10,0.56,0.56,3.48,0.24,0.20,1.43,0.11,10.90,3.48,0.28,273.85,132.92,237.13,44.08
089_G-,K2001,0.61,0.24,0.17,2.17,0.56,0.53,21.93,1.90,2.59,20.17,1.09,0.55,1.27,0.43,0.29,0.45,0.60,0.35,13.53,0.45,0.33,139.30,40.63,37.23,33.32
089_G-,M2021,0.82,0.29,0.23,1.99,0.59,0.59,19.83,2.49,2.53,20.17,1.10,0.55,1.55,0.59,0.37,0.55,0.76,0.42,15.03,0.61,0.40,141.68,47.47,45.60,66.45
089_G-,M^-1,0.70,0.29,0.21,2.08,0.58,0.56,20.92,2.35,2.72,20.17,1.10,0.54,1.40,0.53,0.34,0.49,0.68,0.37,14.19,0.54,0.37,139.89,44.27,41.54,48.72
097-G+,K2001,0.61,0.60,0.25,3.35,1.05,0.88,22.97,2.51,3.88,18.81,3.86,0.80,0.95,0.39,0.28,0.34,0.47,0.24,0.81,0.41,0.31,12.89,10.57,8.32,16.78
097-G+,M2021,1.50,2.57,0.70,3.87,2.04,1.17,18.31,3.13,2.29,18.81,3.86,0.80,1.32,0.53,0.36,0.47,0.65,0.34,0.39,0.54,0.38,7.13,13.69,9.19,48.51
097-G+,M^-1,1.17,2.01,0.65,3.68,1.86,1.06,19.30,4.56,3.16,18.81,3.86,0.80,1.21,0.52,0.39,0.43,0.61,0.29,0.43,0.53,0.41,7.55,13.10,9.39,39.77
097-G-,K2001,0.69,1.16,0.39,4.75,2.09,1.73,22.69,4.24,4.72,18.77,3.10,0.74,0.83,0.45,0.45,0.29,0.45,0.13,3.15,0.47,0.47,70.94,41.85,36.50,19.76
097-G-,M2021,2.22,1.83,1.08,5.26,1.29,1.70,17.36,2.68,1.45,18.77,3.09,0.74,1.24,0.44,0.41,0.44,0.59,0.29,2.55,0.46,0.43,63.41,26.96,31.30,58.77
097-G-,M^-1,1.99,3.50,1.28,5.36,1.32,1.92,17.64,5.00,1.91,18.77,3.10,0.74,1.16,0.53,0.46,0.41,0.60,0.25,2.63,0.54,0.47,66.73,30.26,35.93,55.11
118-G+,K2001,0.22,0.25,0.13,0.49,0.47,0.23,20.19,4.75,3.91,20.24,4.76,1.32,1.71,1.83,0.95,0.60,1.25,0.27,9.36,1.85,1.00,21.63,25.09,12.68,57.95
118-G+,M2021,0.58,0.37,0.27,0.24,0.18,0.07,15.09,3.73,3.50,20.23,4.77,1.31,4.14,1.85,1.89,1.47,2.12,0.80,19.60,1.88,1.92,22.48,18.68,8.67,90.83
118-G+,M^-1,0.28,0.32,0.17,0.42,0.46,0.20,19.18,4.95,4.32,20.23,4.77,1.31,2.09,2.24,1.23,0.74,1.53,0.30,11.06,2.26,1.27,21.81,28.68,12.88,64.76
118-G-,K2001,0.21,0.25,0.12,0.46,0.45,0.23,20.21,4.82,4.02,19.90,5.10,1.06,1.72,1.93,0.95,0.61,1.29,0.27,8.88,1.95,1.00,19.54,23.39,11.81,55.45
118-G-,M2021,0.57,0.36,0.27,0.22,0.17,0.06,14.91,3.79,3.51,19.90,5.10,1.06,4.37,2.00,2.03,1.55,2.25,0.83,19.40,2.02,2.06,20.04,17.34,7.87,90.67
118-G-,M^-1,0.27,0.31,0.16,0.39,0.46,0.19,19.12,5.15,4.35,19.90,5.10,1.06,2.13,2.37,1.28,0.75,1.59,0.30,10.64,2.38,1.32,19.66,27.44,12.01,62.89
142-G1+,K2001,0.86,0.47,0.33,6.07,0.77,0.59,23.77,3.08,2.54,22.96,2.04,3.25,0.58,0.27,0.20,0.21,0.30,0.13,7.60,0.30,0.24,218.72,36.18,28.26,48.52
142-G1+,M2021,1.21,0.51,0.37,5.78,0.63,0.52,21.68,2.20,1.50,22.96,2.04,3.25,0.78,0.26,0.22,0.28,0.37,0.20,8.12,0.29,0.25,222.56,31.95,27.11,73.75
142-G1+,M^-1,1.10,0.54,0.41,5.88,0.73,0.57,22.21,3.07,1.87,22.96,2.04,3.25,0.72,0.28,0.24,0.25,0.35,0.17,7.95,0.31,0.27,221.71,36.19,29.09,65.00
142-G2+,K2001,1.85,2.53,1.53,1.33,4.52,0.65,16.04,12.47,4.95,18.77,0.29,0.14,3.01,3.79,2.62,1.06,2.41,0.14,13.06,3.79,2.63,82.21,303.94,56.78,61.86
142-G2+,M2021,4.48,2.26,2.02,0.70,0.42,0.22,11.09,3.11,1.75,18.77,0.29,0.14,6.86,3.21,2.96,2.43,3.57,1.38,22.68,3.22,2.96,75.35,56.27,33.38,97.78
142-G2+,M^-1,4.20,2.35,2.05,0.73,0.50,0.24,11.40,3.53,1.97,18.77,0.29,0.14,6.46,3.39,3.01,2.29,3.49,1.22,21.66,3.39,3.01,75.46,62.72,35.36,94.57
142-G2-,K2001,0.83,0.45,0.31,6.09,0.76,0.62,23.96,2.94,2.56,25.00,0.00,4.75,0.58,0.26,0.20,0.21,0.30,0.14,7.14,0.29,0.23,206.03,34.10,27.61,44.63
142-G2-,M2021,1.14,0.48,0.34,5.80,0.65,0.54,21.99,2.16,1.66,25.00,0.00,4.74,0.76,0.26,0.20,0.27,0.36,0.20,7.63,0.29,0.24,209.78,31.25,26.17,67.72
142-G2-,M^-1,1.04,0.50,0.38,5.90,0.69,0.58,22.49,3.03,1.95,25.00,0.00,4.74,0.70,0.27,0.23,0.25,0.34,0.17,7.46,0.30,0.26,208.75,32.86,27.84,59.23
155-G+,K2001,1.41,0.80,0.56,5.53,1.08,2.33,17.97,3.14,1.99,19.89,0.13,0.11,1.04,0.52,0.45,0.37,0.55,0.21,5.69,0.56,0.49,149.19,43.83,75.70,75.52
155-G+,M2021,1.96,1.32,0.69,5.50,0.97,2.27,16.50,2.06,1.43,19.89,0.13,0.11,1.26,0.46,0.44,0.45,0.61,0.29,5.50,0.50,0.48,143.35,38.36,71.81,93.58
155-G+,M^-1,1.87,1.20,0.68,5.51,1.00,2.30,16.65,2.25,1.51,19.89,0.13,0.11,1.22,0.48,0.44,0.43,0.60,0.28,5.46,0.52,0.48,142.54,39.46,72.00,90.53
270-G+,K2001,0.15,0.11,0.06,6.33,0.92,0.84,31.10,2.08,1.92,25.00,0.00,0.00,0.25,0.14,0.09,0.09,0.14,0.06,4.24,0.56,0.55,127.11,35.14,33.19,3.02
270-G+,M2021,0.79,1.14,0.60,1.64,4.62,0.87,20.41,9.90,7.13,25.00,0.00,0.00,1.63,2.47,1.34,0.58,1.45,0.10,10.82,2.53,1.44,84.32,256.82,55.61,56.57
270-G+,M^-1,0.17,0.16,0.07,6.17,1.01,0.95,30.63,2.24,2.18,25.00,0.00,0.00,0.28,0.19,0.10,0.10,0.17,0.06,4.32,0.57,0.55,126.23,37.41,35.54,9.95
270-G-,K2001,0.17,0.09,0.06,6.27,0.87,0.71,30.75,1.72,1.56,25.00,0.00,0.00,0.27,0.11,0.08,0.10,0.14,0.07,3.72,0.55,0.54,110.51,31.64,28.76,0.38
270-G-,M2021,0.24,0.14,0.09,5.90,0.91,0.76,29.43,1.85,1.53,25.00,0.00,0.00,0.36,0.17,0.12,0.13,0.18,0.08,4.01,0.56,0.55,112.29,33.11,29.82,7.04
270-G-,M^-1,0.17,0.10,0.07,6.32,0.92,0.78,30.78,2.14,1.67,25.00,0.00,0.00,0.27,0.12,0.10,0.10,0.14,0.06,3.72,0.55,0.55,111.54,32.72,30.08,0.82
343-G+,K2001,2.69,1.56,1.25,3.77,1.44,0.96,15.85,2.89,1.61,25.00,0.00,0.00,1.80,0.95,0.81,0.64,0.97,0.35,--,--,--,--,--,--,98.05
343-G+,M2021,3.71,1.71,1.33,3.30,1.02,0.81,14.79,1.51,1.28,25.00,0.00,0.00,2.36,1.00,0.80,0.84,1.19,0.55,--,--,--,--,--,--,99.96
343-G+,M^-1,3.56,1.71,1.31,3.35,1.05,0.83,14.91,1.55,1.34,25.00,0.00,0.00,2.29,1.00,0.80,0.81,1.17,0.53,--,--,--,--,--,--,99.83
343-G-,K2001,2.66,1.54,1.23,3.70,1.42,0.96,15.83,2.92,1.62,25.00,0.00,0.00,1.83,0.95,0.83,0.65,0.98,0.35,--,--,--,--,--,--,98.09
343-G-,M2021,3.68,1.72,1.31,3.22,0.98,0.82,14.75,1.50,1.31,25.00,0.00,0.00,2.40,1.03,0.80,0.85,1.21,0.57,--,--,--,--,--,--,100.00
343-G-,M^-1,3.57,1.69,1.33,3.27,1.05,0.82,14.86,1.57,1.35,25.00,0.00,0.00,2.34,1.01,0.81,0.83,1.19,0.54,--,--,--,--,--,--,99.80
353-G+,K2001,0.92,1.00,0.48,5.84,1.77,2.71,20.73,4.67,4.43,25.00,0.00,0.00,0.65,0.78,0.33,0.23,0.50,0.11,--,--,--,--,--,--,80.77
353-G+,M2021,2.30,1.77,0.93,3.28,2.08,1.62,15.54,2.81,2.89,25.00,0.00,0.00,1.66,1.49,0.73,0.59,1.11,0.33,--,--,--,--,--,--,100.00
353-G+,M^-1,1.82,1.72,0.98,3.86,2.54,1.83,16.71,4.69,3.19,25.00,0.00,0.00,1.29,1.34,0.71,0.46,0.93,0.21,--,--,--,--,--,--,94.75
353-G-,K2001,1.13,0.97,0.57,3.99,2.44,1.40,19.00,4.96,3.56,25.00,0.00,0.00,1.06,0.94,0.58,0.37,0.71,0.17,--,--,--,--,--,--,90.01
353-G-,M2021,1.99,1.22,0.82,3.01,1.37,1.04,15.78,3.03,2.24,25.00,0.00,0.00,1.83,1.12,0.78,0.65,1.05,0.37,--,--,--,--,--,--,99.52
353-G-,M^-1,1.82,1.19,0.84,3.18,1.63,1.11,16.34,3.61,2.52,25.00,0.00,0.00,1.67,1.10,0.81,0.59,0.98,0.31,--,--,--,--,--,--,97.40
363-G+,K2001,0.54,0.41,0.23,2.08,0.91,0.69,22.87,3.09,4.50,25.00,0.00,1.92,1.24,0.82,0.50,0.44,0.73,0.26,--,--,--,--,--,--,71.77
363-G+,M2021,1.05,0.78,0.42,1.42,0.71,0.56,17.57,4.22,3.89,25.00,0.00,1.92,2.22,1.55,0.83,0.79,1.33,0.49,--,--,--,--,--,--,96.10
363-G+,M^-1,0.77,0.71,0.37,1.73,0.87,0.69,20.04,4.51,4.86,25.00,0.00,1.92,1.69,1.35,0.74,0.60,1.08,0.34,--,--,--,--,--,--,85.13
363-G-,K2001,0.44,0.44,0.23,1.90,1.22,0.84,23.47,3.79,5.57,25.00,0.00,1.47,1.14,1.15,0.60,0.40,0.81,0.19,--,--,--,--,--,--,61.94
363-G-,M2021,1.16,0.92,0.53,0.90,0.75,0.37,15.58,5.40,4.24,25.00,0.00,1.47,2.98,2.34,1.43,1.05,1.88,0.55,--,--,--,--,--,--,95.89
363-G-,M^-1,0.72,0.92,0.42,1.33,1.22,0.69,19.64,5.88,6.63,25.00,0.00,1.47,1.85,2.41,1.07,0.66,1.51,0.28,--,--,--,--,--,--,78.97
